,Ph? l?c tính toán thu? công,,,,,,,,,,,,,,,,,,,,,,,,,,,,,,,,,
,,,,,,,,,,,,,,,,,,,,,,,,,,,,,,,,,,
,TÍNH TOÁN THU? L?C TRÀN T?N SU?T L? C?C H?N 0.01%,,,,,,,,,,,,,,,,,,,,,,,,,,,,,,,,,
,I TÍNH TOÁN ???NG M?T N??C TRÊN NG??NG TRÀN,,,,,,,,,,,,,,,,,,,,,,,,,,,,,,,,,
,1) Tài li?u tính toán,,,,,,,,,,,,,,,,,,,,,,,,,,,,,,,,,
,,Giai ?o?n,P(%),Qmax??n (m3/s),Btràn (m),Cao trình ng??ng (m),MNDBT (m),Hmax(m),Qmaxx? (m3/s),M?c n??c h? l?n nh?t (m),H ??u d?c (m),,,,,,,,,,,,,,,,,,,,,,,
,1,G?1,1,145.98,25,248,248,0.90,33.28,248.90,0.90,,,QTK,QxaTK,Ho,H??u doc,QKT,Qxakt,Ho,H??u doc,,,,,,,,,,,,,
,2,,0.2,188.19,25,248,248,1.08,43.22,249.08,1.08,,0.2,6.7,,,,8.6,,,,,,,,,,,,,,,,
,3,G?2,1,145.98,25,258,258,0.60,17.86,258.60,2.02,,0.5,16.6,,,,21.6,,,,,,,,,,,,,,,,
,4,,0.2,188.19,25,258,258,0.71,23.31,258.71,2.42,,0.8,26.6,,,,34.6,,,,,,,,,,,,,,,,
,5,G?3,,,,,,,,,,,1,33.3,,,,43.2,,,,,,,,,,,,,,,,
,6,,,,,,,,,,,,,,,,,,,,,,,,,,,,,,,,,
,,,,,,,,,,,,,Tinh H ban ??u,,,,,,,,,,,,,,,,,,,,,
,,,,,,,H =,2.02,m,,,,,, m , b ,h,Q,Qxa,dentaQ,,,,,,,,,,,,,,
,Tr??ng h?p tính toán,,,,3,,Q =,17.86,m,,,,,,0.3500,25, 0.90 ,33.28,33.28,0.00,,,,,,,,,,,,,,
,,,,,,,Hdd =,2.02,m,,,,,,0.3500,25, 1.08 ,43.22,43.22,0.00,,,,,,,,,,,,,,
,,,,,,,Btr =,4,m,,,,,,0.3500,4, 2.02 ,17.86,17.86,0.00,,,,,,,,,,,,,,
,a) Tính toán ?? sâu t?i m?t c?t co h?p hc,,,,,,,,,,,,,,0.3500,4, 2.42 ,23.31,23.31,0.00,,,,,,,,,,,,,,
,,Theo công th?c:,,,E0 = H + ,,aV2,?,H,,=,2.024244927,m,,,,,,,,,,,,,,,,,,,,,
,,B? qua l?u t?c t?i g?n,,,,,2g,,,,,,,,,,,,,,,,,,,,,,,,,,,
,,,,,F(tc) = ,,q,=,4.465,,=,1.723,,,,,,,,,,,,,,,,,,,,,,
,,,,,,,j*E03/2,,0.95*H3/2,,,,,,,,,,,,,,,,,,,,,,,,,
,,,,,,,,,,,=,1.705,0.018,,,,,,,,,,,,,,,,,,,,,
,,,,,,,,,,,,,,,,,,,,,,,,,,,,,,,,,,
,,Tính th? d?n tc ta có:,,,,tc,=,0.667,=>,hc = E0*tc =,,1.35,m,,,,,,,,,,,,,,,,,,,,,
,b) Tính toán ?? sâu phân gi?i hk,,,,,,,,,,,,,,,,,,,,,,,,,,,,,,,,,
,,Tính theo công th?c c?a kênh có m?t c?t ch? nh?t:,,,,,,,,,,,,,,,,,,,,,,,,,,,,,,,,
,,,V?i a = 1,,,,,,,1.27,m,,,,,5.85,,,,,,,,,,,,,,,,,,
,c) Tính toán chi?u dài Lc,,,,,,,,,,,,,,,,,,,,,,,,,,,,,,,,,
,,Lc = (1.5 - 2.0)*(H - hc) = 2.0*(H - hc) =,,,,,,,,1.35,m,,,,0.069444444,,,,,,,,,,,,,,,,,,,
,,Chi?u dài ?o?n n??c dâng trên ng??ng tràn: L = d - Lc =,,,,,,,,0.67,m,,,,,,,,,,,,,,,,,,,,,,,
,,,,,,,,,,,,,,,,,,,,,,,,,,,,,,,,,,
,II TÍNH TOÁN ???NG M?T N??C TRÊN ?O?N THU H?P ( DOAN 1),,,,,,,,,,,,,,,,,,,,,,,,,,,,,,,,,
,1) Tài li?u tính toán,,,,,,,,,,,,,,,,,,,,,,,,,,,,,,,,,
,- L?u l??ng x? l?n nh?t:,,,,Qmax =,17.86,m3/s,- Chi?u r?ng ?o?n ??u:,,,,B1 =,4.00,m,,,,,,,,,,,,,,,,,,,,
,- ?? d?c ?o?n thu h?p:,,,,i =,0.0900,,- Chi?u r?ng ?o?n cu?i:,,,,B2 =,2.50,m,B2 =,0.85,m,,,,,,,,,,,,,,,,,
,- H? s? nhám:,,,,n =,0.017,,- Chi?u dài ?o?n thu h?p:,,,,Lth =,8.11,m,Lth =,3.86,m,,,,,,,,,,,,,,,,,
,- H? s? mái:,,,,m=,1.5,,,,,,,,,,,,,,,,,,,,,,,,,,,,
,,"?? không phát sinh các hi?n t??ng thu? l?c b?t l?i, theo kinh nghi?m",,,,,,,,,,,,,,,,,,,,,,,,,,,,,,,,
,,góc thu h?p nên l?y b?ng q = 220. ,,,,,tg(q/2) = (B1 - B2)/2Lth,,,,,,,,,,,,,,,,,,,,,,,,,,,
,2) Tính toán,,,,m=,0,,,,,,,,,,,,,,,,,,,,,,,,,,,,
,,?? xác ??nh c?t n??c cu?i ?o?n thu h?p dùng ph??ng trình:,,,,,,,,,,,,,,,,,,,,,,,,,,,,,,,,
,,,,,DL,=,DE,=,Ec - E?,(*),,,,,,,,,,,,,,,,,,,,,,,,
,,,,,,,i - Jtb ,,i - Jtb ,,,,,,,,,,,,,,,,,,,,,,,,,
,,,,,Jtb,=,Vtb2,E0 = h + ,,aV2,,,,,,,,,,,,,,,,,,,,,,,,
,,,,,,,Ctb2Rtb,,,2g,,,,,,,,,,,,,,,,,,,,,,,,
,* Tính toán cho m?t c?t ??u:,,,,,,,* Tính toán cho m?t c?t cu?i ?o?n thu h?p:,,,,,,,,,,,,,,,,,,,,,,,,,,
,,hcn = ,,,,2.02,m,,hcth = ,,,,1.32,m,,,,,,,,,,,,,,,,,,,,
,,B1 =,,,,4.00,m,,B2 =,,,,2.50,m,,?o?n thu h?p,,,,,,,,,,,,,,,,,,
,,w = (b + mh)h =,,,,8.10,m2,,w = (b + mh)h =,,,,5.91,m2,,,h,w,c,R,V,aV2/2g,E0,y,C,i,Jtb,DE,DL,SDL,,Vtb,Ctb,Rtb
,,c = b + 2h(1 + m2)0.5 =,,,,6.02,m,,c = b + 2h(1 + m2)0.5 =,,,,6.79,m,,,(m),(m2),(m),(m),(m/s),(m),(m),,,,,(m),(m),(m),,(m/s),,
,,R = w/c =,,,,1.34,m,,R = w/c =,,,,0.87,m,,??u ,2.02,8.10,6.02,1.34,2.21,0.25,2.272,0.170,61.85,,,,,0.00,,,,
,,y = 2.5n1/2 - 0.13 - 0.75(n1/2 - 0.1)R1/2 =,,,,,0.170,,y = 2.5n1/2 - 0.13 - 0.75(n1/2 - 0.1)R1/2 =,,,,,0.175,,,,,,,,,,,,0.0900,0.002,-0.716,8.110,,,2.61,59.63406366,1.107496662
,,C = Ry/n =,,,,61.85,,,C = Ry/n =,,,,57.42,,,Cu?i,1.32,5.91,6.79,0.87,3.02,0.24,1.556,0.175,57.42,,,,,8.11 ,,,,
,,V? = Q/w =,,,,2.21,m/s,,Vc = Q/w =,,,,3.02,m/s,,,,,,,,,,,,,,,,,,,,
,,E? = hcn + aV?2/2g =,,,,2.27,m,,Ec = hcth + aVc2/2g =,,,,1.78,m,,,,,,,,,,,,,,,,,,,,
,,Tính th? d?n v?i các giá tr? hcth cho ??n khi DL = Lth thì ?ó là giá tr? c?n tìm:,,,,,,,,,,,,,,,,,,,,,,,,,,,,,,,,
,,,,,Lth =,,8.11,m,,,,,,,,,,,,,,,,,,,,,,,,,,
,,,,,DL = ,,8.11,m,0.00,,,,,,,,,,,,,,,,,,,,,,,,,
,,K?t qu? tính toán t?i cu?i ?o?n thu h?p ta có hcth =,,,,,,,1.32,m,,,,,,,,,,,,,,,,,,,,,,,,
,,,,,,,,,,,,,,,,,,,,,,,,,,,,,,,,,,
,,,,,,,,,,,,,,,,,,,,,,,,,,,,,,,,,,
,,,,,,,,,,,,,,,,,,,,,,,,,,,,,,,,,,
,,,,,,,,,,,,,,,,,,,,,,,,,,,,,,,,,,
,,,,,,,,,,,,,,,,,,,,,,,,,,,,,,,,,,
,,,,,,,,,,,,,,,,,,,,,,,,,,,,,,,,,,
,,,,,,,,,,,,,,,,,,,,,,,,,,,,,,,,,,
,III tính toán ???ng m?t n??c trên d?c n??c,,,,,,,,,,,,,,,,,,,,,,,,,,,,,,,,,
,1) Tài li?u tính toán,,,,,,,,,,,,,,,,,,,,,,,,,,,,,,,,,
,?o?n 2 ( ?o?n d?c ??u),,,,,,,,,,,,,,,,,,,,,,,,,,,,,,,,,
,- L?u l??ng x? l?n nh?t:,,,,Qmax =,17.86,m3/s,- C?t n??c ??u d?c:,,,,h =,1.32,m,,,,,,,,,,,,,,,,,,,,
,- ?? d?c c?a d?c n??c:,,,,i =,0.090,,- Chi?u r?ng ??u d?c n??c:,,,,B =,2.50,m,,,,,,,,,,,,,,,,,,,,
,- H? s? nhám:,,,,n =,0.017,,- Chi?u r?ng cu?i d?c n??c:,,,,B =,2.50,m,,,,,,,,,,,,,,,,,,,,
,- H? s? mái,,,,m=,1.5,,- Chi?u dài d?c n??c:,,,,L =,205.6,m,,,,,,,,,,,,,,,,,,,,
, - Eo ban ??u,,,,E=,1.78,m,,,,,,,,,,,,,,,,,,,,,,,,,,,
,?o?n 3 ( ?o?n d?c ??u),,,,,,,,,,,,,,,,,,,,,,,,,,,,,,,,,
,- L?u l??ng x? l?n nh?t:,,,,Qmax =,17.86,m3/s,- C?t n??c ??u d?c:,,,,h =,1.32,m,,,,,,,,,,,,,,,,,,,,
,- ?? d?c c?a d?c n??c:,,,,i =,0.090,,- Chi?u r?ng ??u d?c n??c:,,,,B =,2.50,m,,,,,,,,,,,,,,,,,,,,
,- H? s? nhám:,,,,n =,0.017,,- Chi?u r?ng cu?i d?c n??c:,,,,B =,2.50,m,,,,,,,,,,,,,,,,,,,,
,- H? s? mái,,,,m=,1.5,,- Chi?u dài d?c n??c:,,,,L =,205.6,m,,,,,,,,,,,,,,,,,,,,
, - Eo ban ??u,,,,E=,1.78,m,,,,,,,,,,,,,,,,,,,,,,,,,,,
,?o?n 4 ( ?o?n d?c ??u),,,,,,,,,,,,,,,,,,,,,,,,,,,,,,,,,
,- L?u l??ng x? l?n nh?t:,,,,Qmax =,17.86,m3/s,- C?t n??c ??u d?c:,,,,h =,0.55,m,,,,,,,,,,,,,,,,,,,,
,- ?? d?c c?a d?c n??c:,,,,i =,0.090,,- Chi?u r?ng ??u d?c n??c:,,,,B =,2.50,m,,,,,,,,,,,,,,,,,,,,
,- H? s? nhám:,,,,n =,0.017,,- Chi?u r?ng cu?i d?c n??c:,,,,B =,2.50,m,,,,,,,,,,,,,,,,,,,,
,- H? s? mái,,,,m=,1.5,,- Chi?u dài d?c n??c:,,,,L =,55.14,m,,,,,,,,,,,,,,,,,,,,
, - Eo ban ??u,,,,E=,5.48,m,,,,,,,,,,,,,,,,,,,,,,,,,,,
,,,,,,,,,,,,,,,,,,,,,,,,,,,,,,,,,,
,?o?n 5 ( ?o?n m? r?ng ??u v? hai phía),,,,,,,,,,,,,,,,,,,,,,,,,,,,,,,,,
,- L?u l??ng x? l?n nh?t:,,,,Qmax =,17.86,m3/s,- C?t n??c ??u d?c:,,,,h =,0.55,m,,,,,,,,,,,,,,,,,,,,
,- ?? d?c c?a d?c n??c:,,,,i =,0.09,,- Chi?u r?ng ??u d?c n??c:,,,,B? =,2.50,m,,,,,,,,,,,,,,,,,,,,
,- H? s? nhám:,,,,n =,0.017,,- Chi?u r?ng cu?i d?c n??c:,,,,BC =,8.00,m,,,,,,,,,,,,,,,,,,,,
,- H? s? mái,,,,m=,1.5,,- Chi?u dài d?c n??c:,,,,L =,25,m,,,,,,,,,,,,,,,,,,,,
, - Eo ban ??u,,,,E=,5.49,m, - Tính góc ?o?n m? r?ng,,,,,6.30,??,,,,,,,,,,,,,,,,,,,,
,,,,,,,, - Tính góc ?o?n m? r?ng,,,,,0.11,Rarian,,,,,,,,,,,,,,,,,,,,
,2) Xác ??nh d?ng ???ng m?t n??c trên d?c n??c,,,,,,,,,,,,,,,,,,,,,,,,,,,,,,,,,
,,Tính ?? sâu phân gi?i hk,,,,,,,,, ,,,,,,,,,,,,,,,,,,,,,,,
,,,Tính theo công th?c c?a kênh có m?t c?t ch? nh?t:,,,,,,,,,,,,,,,,,,,,,,,,,,,,,,,
,,,,,,,,,,,,,,,,,,,,,,,,,,,,,,,,,,
,,,,V?i a = 1,,,,,,1.73,m,,,,,,,,,,,,,,,,,,,,,,,
,,,,,,,,,,,,,,,,,,,,,,,,,,,,,,,,,,
,,Tính ?? sâu ch?y ??u h0,,,,,,,,Tính ?? d?c phân gi?i ik (ik < i),,,,,,,,,,,,,,,,,,,,,,,,
,,,Dùng ph??ng pháp tính th? d?n h ??: Qtt = Qmax.,,,,,,,,,,,,,,,,,,,,,,,,,,,,,,,
,,,,h = ,,,,,0.70,1.73,m,,,,,,,,,,,,,,,,,,,,,,,
,,,,b =,,,,,2.50,2.50,m,,,,,,,,,,,,,,,,,,,,,,,
,,,,w = (b + mh)h =,,,,,1.75,4.33,m2,,,,,,,,,,,,,,,,,,,,,,,
,,,,c = b + 2h(1 + m2)0.5 =,,,,,3.90,5.97,m,,,0.008,,,,,,,,,,,,,,,,,,,,
,,,,R = w/c =,,,,,0.45,0.73,m,,,,,,,,,,,,,,,,,,,,,,,
,,,,y = 2.5n1/2 - 0.13 - 0.75(n1/2 - 0.1)R1/2 =,,,,,0.181,0.177,,,,,,,,,,,,,,,,,,,,,,,,
,,,,C = Ry/n =,,,,,50.88,55.59,,,,,,,,,,,,,,,,,,,,,,,,
,,,,Qtt = wC(Ri)0.5 = ,,,,,17.86,,m3/s,,,,,,,,,,,,,,,,,,,,,,,
,,,,Qmax =,,,,,17.86,,m3/s,0.00,,,,,,,,,,,,,,,,,,,,,,
,,Vì h0 <,h =,1.32m,< hk nên ???ng m?t n??c trên d?c là ???ng n??c h? bII. ,,,,,,,,,,,,,,,,,,,,,,,,,,,,,
,3) Tính toán,,,,,,,,,,,,,,,,,,,,,,,,,,,,,,,,,
,,?? xác ??nh ???ng m?t n??c ta dùng ph??ng pháp c?ng tr?c ti?p v?i ph??ng trình:,,,,,,,,,,,,,,,,,,,,,,,,,,,,,,,,
,,,,,DL,=,DE,=,Ec - E?,(*),,,,,,,,,,,,,,,,,,,,,,,,
,,,,,,,i - Jtb ,,i - Jtb ,,,,,,,,,,,,,,,,,,,,,,,,,
,,,,,Jtb,=,Vtb2,E0 = h + ,,aV2,,,,,,,,6.802498173,53.66259614,0.637521504,,,w = (b + mh)h =,,,,,,,,,,,
,,,,,,,Ctb2Rtb,,,2g,,,,,,,,,,0.025205695,,,c = b + 2h(1 + m2)0.5 =,,,,,,,,,,,
,,,,,,,,,,,,,,,,,,,,,,,,,,,,,,,,,,
,,,B?NG TÍNH TOÁN ???NG M?T N??C TRÊN D?C N??C,,,,,,,,,,,,,,,,,,,,,,,,,,,,,,,
?o?n 2 ( ?o?n d?c ??u),,,,,,,,,,,,,,,,,,,,,,,,,,,,,,,,,,
STT,h,w,c,R,V,aV2/2g,E0,y,C,i,Jtb,DE,DL,SDL,DL,D,SDL,,Vtb,Ctb,Rtb,,,,,,,,,,,,,
,(m),(m2),(m),(m),(m/s),(m),(m),,,,,(m),(m),(m),(m),,,,(m/s),,,,,,,,,,,,,,,
1,1.32,5.91,6.79,0.87,3.02,0.46,1.785,0.175,57.42,,,,,0.00,,,0.00,,,,,,,,,,,,,,,,,
,,,,,,,,,,0.090,0.025,4.441,68.540,68.54 ,68.54,0.0,68.54,,6.802498173,53.66259614,0.637521504,,,,,,,,,,,,,
2,0.52,1.69,4.18,0.40,10.58,5.71,6.226,0.181,49.90,,,,,,,,,,,,,,,,,,,,,,,,,
,,,,,,,,,,0.090,0.101,-0.721,68.540,137.08 ,68.54,0.0,137.08,,10.22459585,50.12747286,0.413906581,,,,,,,,,,,,,
3,0.55,1.81,4.27,0.42,9.86,4.96,5.505,0.181,50.35,,,,,,,,,,,,,,,,,,,,,,,,,
,,,,,,,,,,0.090,0.090,-0.021,68.540,205.62 ,68.54,0.0,205.62,,9.853587576,50.3570515,0.424006956,,,,,,,,,,,,,
4,0.55,1.81,4.28,0.42,9.84,4.94,5.484,0.181,50.36,,,,,,,,,,,,,,,,,,,,,,,,,
,,,,,,,,,,,,,,,,,,,,,,,,,,,,,,,,,,
,,K?t qu? tính toán t?i cu?i d?c n??c ta có:,,,,,,,,,,,,,,,,,,,,,,,,,,,,,,,,
,,,C?t n??c toàn ph?n:,,,,E0,=,5.48,m,,,,,,,,,,,,,,,,,,,,,,,,
,,,Chi?u dài d?c:,,,,L,=,205.62,m,,,,,,,,,,,,,,,,,,,,,,,,
,,,V?n t?c cu?i d?c:,,,,V,=,9.84,m/s,<,[V] = 14m/s,,,,,,w = (b + mh)h =,,,,,,,,,,,,,,,,
,,,Tho? mãn ?i?u ki?n không xói.,,,,,,,,,,,,,,,c = b + 2h(1 + m2)0.5 =,,,,,,,,,,,,,,,,
,,,,,,,,,,,,,,,,,,,,,,,,,,,,,,,,,,
,,,,,,,,,,,,,,,,,,,,,,,,,,,,,,,,,,
,,,B?NG TÍNH TOÁN ???NG M?T N??C TRÊN D?C N??C,,,,,,,,,,,,,,,,,,,,,,,,,,,,,,,
?o?n 3 ( ?o?n d?c ??u),,,,,,,,,,,,,,,,,,,,,,,,,,,,,,,,,,
STT,h,w,c,R,V,aV2/2g,E0,y,C,i,Jtb,DE,DL,SDL,DL,D,SDL,,Vtb,Ctb,Rtb,,,,,,,,,,,,,
,(m),(m2),(m),(m),(m/s),(m),(m),,,,,(m),(m),(m),(m),,,,(m/s),,,,,,,,,,,,,,,
1,1.32,5.91,6.79,0.87,3.02,0.46,1.785,0.175,57.42,,,,,0.00,,,0.00,,,,,,,,,,,,,,,,,
,,,,,,,,,,0.090,0.025,4.441,68.540,68.54 ,68.54,0.0,68.54,,6.802487374,53.66260261,0.637521782,,,,,,,,,,,,,
2,0.52,1.69,4.18,0.40,10.58,5.71,6.226,0.181,49.90,,,,,,,,,,,,,,,,,,,,,,,,,
,,,,,,,,,,0.090,0.101,-0.721,68.540,137.08 ,68.54,0.0,137.08,,10.22458488,50.12747943,0.413906865,,,,,,,,,,,,,
3,0.55,1.81,4.27,0.42,9.86,4.96,5.505,0.181,50.35,,,,,,,,,,,,,,,,,,,,,,,,,
,,,,,,,,,,0.090,0.090,-0.021,68.539,205.62 ,68.54,0.0,205.62,,9.853587463,50.35705158,0.424006959,,,,,,,,,,,,,
4,0.55,1.81,4.28,0.42,9.84,4.94,5.484,0.181,50.36,,,,,,,,,,,,,,,,,,,,,,,,,
,,,,,,,,,,,,,,,,,,,,,,,,,,,,,,,,,,
,,K?t qu? tính toán t?i cu?i d?c n??c ta có:,,,,,,,,,,,,,,,,,,,,,,,,,,,,,,,,
,,,C?t n??c toàn ph?n:,,,,E0,=,5.48,m,,,,,,,,,,,,,,,,,,,,,,,,
,,,Chi?u dài d?c:,,,,L,=,205.62,m,,,,,,,,,,,,,,,,,,,,,,,,
,,,V?n t?c cu?i d?c:,,,,V,=,9.84,m/s,<,[V] = 14m/s,,,,,,,,,,,,,,,,,,,,,,
,,,Tho? mãn ?i?u ki?n không xói.,,,,,,,,,,,,,,,,,,,,,,,,,,,,,,,
,,,B?NG TÍNH TOÁN ???NG M?T N??C TRÊN D?C N??C,,,,,,,,,,,,,,,,,,,,,,,,,,,,,,,
?o?n 4 ( ?o?n d?c ??u),,,,,,,,,,,,,,,,,,,,,,,,,,,,,,,,,,
STT,h,w,c,R,V,aV2/2g,E0,y,C,i,Jtb,DE,DL,SDL,DL,D,SDL,,Vtb,Ctb,Rtb,,,,,,,,,,,,,
,(m),(m2),(m),(m),(m/s),(m),(m),,,,,(m),(m),(m),(m),,,,(m/s),,,,,,,,,,,,,,,
1,0.55,1.81,4.28,0.42,9.84,4.94,5.484,0.181,50.36,,,,,0.00,,,0.00,,,,,,,,,,,,,,,,,
,,,,,,,,,,0.090,0.090,0.000,18.380,18.38 ,18.38,0.0,18.38,,9.842822994,50.3664902,0.424430946,,,,,,,,,,,,,
2,0.55,1.82,4.28,0.42,9.84,4.94,5.485,0.181,50.37,,,,,,,,,,,,,,,,,,,,,,,,,
,,,,,,,,,,0.090,0.090,0.000,18.379,36.76 ,18.38,0.0,36.76,,9.84311902,50.36630082,0.424422436,,,,,,,,,,,,,
3,0.55,1.81,4.28,0.42,9.84,4.94,5.485,0.181,50.36,,,,,,,,,,,,,,,,,,,,,,,,,
,,,,,,,,,,0.090,0.090,0.001,18.379,55.14 ,18.38,0.0,55.14,,9.843415047,50.36897003,0.424542472,,,,,,,,,,,,,
4,0.55,1.82,4.28,0.42,9.84,4.94,5.486,0.181,50.37,,,,,,,,,,,,,,,,,,,,,,,,,
,,,,,,,,,,,,,,,,,,,,,,,,,,,,,,,,,,
,,K?t qu? tính toán t?i cu?i d?c n??c ta có:,,,,,,,,,,,,,,,,,,,,,,,,,,,,,,,,
,,,C?t n??c toàn ph?n:,,,,E0,=,5.49,m,,,,,,,,,,,,,,,,,,,,,,,,
,,,Chi?u dài d?c:,,,,L,=,55.14,m,,,,,,,,,,,,,,,,,,,,,,,,
,,,V?n t?c cu?i d?c:,,,,V,=,9.84,m/s,<,[V] = 14m/s,,,,,,,,,,,,,,,,,,,,,,
,,,Tho? mãn ?i?u ki?n không xói.,,,,,,,,,,,,,,,,,,,,,,,,,,,,,,,
,,,B?NG TÍNH TOÁN ???NG M?T N??C TRÊN D?C N??C,,,,,,,,,,,,,,,,,,,,,,,,,,,,,,,
?o?n 5 ( ?o?n m? r?ng ??u v? hai phía),,,,,,,,,,,,,,,,,,,,,,,,,,,,,,,,,,
STT,h,w,c,R,V,aV2/2g,E0,y,C,i,Jtb,DE,DL,SDL,DL,D,SDL,,Vtb,Ctb,Rtb,,,,,,,,,,,,,
,(m),(m2),(m),(m),(m/s),(m),(m),,,,,(m),(m),(m),(m),,,,(m/s),,,,,,,,,,,,,,,
1,0.55,1.82,4.28,0.42,9.84,4.94,5.486,0.181,50.37,,,,,0.00,0.00,,0.00,,,,,,,,,,,,,,,,,
,,,,,,,,,,0.0900,0.099,-0.071,8.333,8.33 ,8.33,0.0,8.33,,9.859928452,49.75740244,0.39856372,,,,,,,,,,,,,
2,0.44,1.81,4.86,0.37,9.88,4.97,5.415,0.182,49.14,,,,,,,,,,,,,,,,,,,,,,,,,
,,,,,,,,,,0.0900,0.116,-0.215,8.334,16.67 ,8.33,0.0,16.67,,9.803013401,48.59336325,0.351486777,,,,,,,,,,,,,
3,0.37,1.84,5.55,0.33,9.73,4.82,5.200,0.183,48.05,,,,,,,,,,,,,,,,,,,,,,,,,
,,,,,,,,,,0.0900,0.129,-0.324,8.333,25.00 ,8.33,0.0,25.00,,9.58732141,47.59333784,0.314916864,,,,,,,,,,,,,
4,0.33,1.89,6.32,0.30,9.45,4.55,4.876,0.183,47.14,,,,,,,,,,,,,,,,,,,,,,,,,
,,,,,,,,,,,,,,,,,,,,,,,,,,,,,,,,,,
,,K?t qu? tính toán t?i cu?i d?c n??c ta có:,,,,,,,,,,,,,,,,,,,,,,,,,,,,,,,,
,,,C?t n??c toàn ph?n:,,,,E0,=,4.88,m,,,,,,,,,,,,,,,,,,,,,,,,
,,,Chi?u dài d?c:,,,,L,=,25.00,m,,,,,,,,,,,,,,,,,,,,,,,,
,,,V?n t?c cu?i d?c:,,,,V,=,9.45,m/s,<,[V] = 14m/s,,,,,,,,,,,,,,,,,,,,,,
,,,Tho? mãn ?i?u ki?n không xói.,,,,,,,,,,,,,,,,,,,,,,,,,,,,,,,
,,,,,,,,,,,,,,,,,,,,,,,,,,,,,,,,,,
,T?NG H?P D?C N??C,,,,,,,,,,,,,,,,,,,,,,,,,,,,,,,,,
STT,Q,B,h,w,c,R,V,aV2/2g,E0,y,C,i,Jtb,DE,DL,SDL,,,,,,,,,,,,,,,,,,
,m3/s,m,(m),(m2),(m),(m),(m/s),(m),(m),,,,,(m),(m),(m),,,,,,,,,,,,,,,,,,
1,?o?n thu h?p (?o?n 1),,,L=,8.11,m,,,,,,,,,,,,,,,,,,,,,,,,,,,,
,17.86,4.00,2.02,8.10,6.02,1.34,2.21,0.25,2.27,0.17,61.85,,,,,0.00,,,,,,,,,,,,,,,,,,
,,,,,,,,,,,,0.090,0.002,-0.716,8.110,,,,,,,,,,,,,,,,,,,
,,2.50,1.32,5.91,6.79,0.87,3.02,0.24,1.56,0.17,57.42,,,,,8.11,,,,,,,,,,,,,,,,,,
2,?o?n d?c ??u (?o?n 2),,,L=,205.62,m,,,,,,,,,,,,,,,,,,,,,,,,,,,,
,17.86,2.50,1.32,5.91,6.79,0.87,3.02,0.46,1.78,0.17,57.42,,,,,,,,,,,,,,,,,,,,,,,
,,,,,,,,,,,,0.09,0.03,4.44,68.54,68.54,,,,,,,,,,,,,,,,,,
,,2.50,0.52,1.69,4.18,0.40,10.58,5.71,6.23,0.18,49.90,,,,,,,,,,,,,,,,,,,,,,,
,,,,,,,,,,,,0.09,0.10,-0.72,68.54,137.08,,,,,,,,,,,,,,,,,,
,,2.50,0.55,1.81,4.27,0.42,9.86,4.96,5.51,0.18,50.35,,,,,,,,,,,,,,,,,,,,,,,
,,,,,,,,,,,,0.09,0.09,-0.02,68.54,205.62,,,,,,,,,,,,,,,,,,
,,2.50,0.55,1.81,4.28,0.42,9.84,4.94,5.48,0.18,50.36,,,,,,,,,,,,,,,,,,,,,,,
3,?o?n d?c ??u (?o?n 3),,,L=,205.62,m,,,,,,,,,,,,,,,,,,,,,,,,,,,,
,17.86,2.50,1.32,5.91,6.79,0.87,3.02,0.46,1.78,0.17,57.42,,,,,,,,,,,,,,,,,,,,,,,
,,,,,,,,,,,,0.09,0.03,4.44,68.54,68.54,,,,,,,,,,,,,,,,,,
,,2.50,0.52,1.69,4.18,0.40,10.58,5.71,6.23,0.18,49.90,,,,,,,,,,,,,,,,,,,,,,,
,,,,,,,,,,,,0.09,0.10,-0.72,68.54,137.08,,,,,,,,,,,,,,,,,,
,,2.50,0.55,1.81,4.27,0.42,9.86,4.96,5.51,0.18,50.35,,,,,,,,,,,,,,,,,,,,,,,
,,,,,,,,,,,,0.09,0.09,-0.02,68.54,205.62,,,,,,,,,,,,,,,,,,
,,2.50,0.55,1.81,4.28,0.42,9.84,4.94,5.48,0.18,50.36,,,,,,,,,,,,,,,,,,,,,,,
3,?o?n d?c ??u (?o?n4-G?1),,,L=,55.14,m,,,,,,,,,,,,,,,,,,,,,,,,,,,,
,17.86,2.50,0.55,1.81,4.28,0.42,9.84,4.94,5.48,0.18,50.36,,,,,,,,,,,,,,,,,,,,,,,
,,,,,,,,,,,,0.09,0.09,0.00,18.38,18.38,,,,,,,,,,,,,,,,,,
,,2.50,0.55,1.82,4.28,0.42,9.84,4.94,5.48,0.18,50.37,,,,,,,,,,,,,,,,,,,,,,,
,,,,,,,,,,,,0.09,0.09,0.00,18.38,36.76,,,,,,,,,,,,,,,,,,
,,2.50,0.55,1.81,4.28,0.42,9.84,4.94,5.49,0.18,50.36,,,,,,,,,,,,,,,,,,,,,,,
,,,,,,,,,,,,0.09,0.09,0.00,18.38,55.14,,,,,,,,,,,,,,,,,,
,,2.50,0.55,1.82,4.28,0.42,9.84,4.94,5.49,0.18,50.37,,,,,,,,,,,,,,,,,,,,,,,
4,?o?n m? r?ng (?o?n 5-G?1),,,L=,25.00,m,,,,,,,,,,,,,,,,,,,,,,,,,,,,
,17.86,2.50,0.55,1.82,4.28,0.42,9.84,4.94,5.49,0.18,50.37,,,,,,,,,,,,,,,,,,,,,,,
,,,,,,,,,,,,0.09,0.10,-0.07,8.33,8.33,,,,,,,,,,,,,,,,,,
,,,0.44,1.81,4.86,0.37,9.88,4.97,5.41,0.18,49.14,,,,,,,,,,,,,,,,,,,,,,,
,,,,,,,,,,,,0.09,0.12,-0.21,8.33,16.67,,,,,,,,,,,,,,,,,,
,,,0.37,1.84,5.55,0.33,9.73,4.82,5.20,0.18,48.05,,,,,,,,,,,,,,,,,,,,,,,
,,,,,,,,,,,,0.09,0.13,-0.32,8.33,25.00,,,,,,,,,,,,,,,,,,
,,8.00,0.33,1.89,6.32,0.30,9.45,4.55,4.88,0.18,47.14,,,,,,,,,,,,,,,,,,,,,,,
,,,,,,,,,,,,,,,,,,,,,,,,,,,,,,,,,,
III,TÍNH TOÁN CHI?U CAO T??NG TRÊN D?C N??C,,,,,,,,,,,,,,,,,,,,,,,,,,,,,,,,,
,1) Tính toán chi?u cao t??ng c?a d?c n??c,,,,,,,,,,,,,,,,,,,,,,,,,,,,,,,,,
,,Hi?n t??ng hàm khí trong d?c n??c x?y ra khi: Fr > Frpg,,,,,,,,,,,,,,,,,,,,,,,,,,,,,,,,
,,,H? s? Frout (Fr) khi không k? ??n hi?n t??ng hàm khí:,,,,,,,Fr = V2/gh,,,,,,,,,,,,,,,,,,,,,,,,
,,,H? s? Frout phân gi?i (Frpg) mà t? ?ó b?t ??u xu?t hi?n hàm khí:,,,,,,,,,,,,,,,,,,,,,,,,,,,,,,,
,,,,,,Frpg = 45(1 - D/R)14 =,,,29.38,,,,,,,,,,,,,,,,,,,,,,,,,
,,,"V?i D/R là ?? nhám t??ng ??i c?a d?c n??c, v?i bê tông D/R = 0.02 - 0.04",,,,,,,,,,,,,,,,,,,,,,,,,,,,,,,
,,,,,,Ch?n D/R =,,0.03,,,,,,,,,,,,,,,,,,,,,,,,,,
,,Chi?u cao t??ng khi có hi?n t??ng hàm khí ???c tính theo công th?c:,,,,,,,,,,,,,,,,,,,,,,,,,,,,,,,,
,,,,,,Ht??ng = hhàm khí + a,,,,,,,,,,,,,,,,,,,,,,,,,,,,
,,,,,,hhàm khí = (1 + a)h,,,,,,,,,,,,,,,,,,,,,,,,,,,,
,,,,,,,,,,,,,,,,,,,,,,,,,,,,,,,,,,
,,,,,,,,,,,,,,,,,,,,,,,,,,,,,,,,,,
,,,,,,,,,,,,,,,,,,,,,,,,,,,,,,,,,,
,,,,,,,,,,,,,,,,,,,,,,,,,,,,,,,,,,
,,,Trong ?ó:,,,,,,,,,,,,,,,,,,,,,,,,,,,,,,,
,,,,hhàm khí: chi?u cao c?t n??c có k? ??n hi?n t??ng hàm khí.,,,,,,,,,,,,,,,,,,,,,,,,,,,,,,
,,,,a: ?? cao an toàn.,,,a,=,0.35,m,,,,,,,,,,,,,,,,,,,,,,,,
,,,,,,,,,,,,,,,,,,,,,,,,,,,,,,,,,,
,B?NG TÍNH TOÁN XÁC ??NH HI?N T??NG HÀM KHÍ TRÊN D?C N??C,,,,,,,,,,,,,,,,,,,,,,,,,,,,,,,,,
,,,,,,,,,,,,,,,,,,,,,,,,,,,,,,,,,,
,h (m),2.02,1.32,0.55,0.55,0.55,0.44,0.37,0.33,,,,,,,,,,,,,,,,,,,,,,,,,
,V (m/s),2.21,3.02,9.84,9.84,9.84,9.88,9.73,9.45,,,,,,,,,,,,,,,,,,,,,,,,,
,Fr,0.25,0.70,18.07,18.07,18.05,22.44,25.74,27.62,,,,,,,,,,,,,,,,,,,,,,,,,
,K?t lu?n,Kh«ng,Kh«ng,Kh«ng,Kh«ng,Kh«ng,Kh«ng,Kh«ng,Kh«ng,,,,,,,,,,,,,,,,,,,,,,,,,
,a,0,0,0,0,0,0,0,0,,,,,,,,,,,,,,,,,,,,,,,,,
,hhàm khí ,0,0,0,0,0,0,0,0,,,,,,,,,,,,,,,,,,,,,,,,,
,a(m),0.35,0.35,0.35,0.35,0.35,0.35,0.35,0.35,,,,,,,,,,,,,,,,,,,,,,,,,
,H t??ng,2.37,1.67,0.90,0.90,0.90,0.79,0.72,0.68,,,,,,,,,,,,,,,,,,,,,,,,,
,,Ta th?y t?t c? các v? trí trên d?c n??c ??u có Fr < Frpg nên không có hi?n t??ng hàm khí trên d?c n??c.,,,,,,,,,,,,,,,,,,,,,,,,,,,,,,,,
,,Chi?u cao t??ng l?n nh?t,,,,Ht??ng  = ,,1.7,m,,,,,,,,,,,,,,,,,,,,,,,,,
,,Ch?n chi?u cao t??ng thi?t k?,,,,Htk = ,,2.00,m,,,,,,,,,,,,,,,,,,,,,,,,,
,2) Tính toán chi?u dày b?n ?áy c?a d?c n??c,,,,,,,,,,,,,,,,,,,,,,,,,,,,,,,,,
,,Dùng công th?c:,,D?c ?o?n 1 -:-2,,t = (0.03 - 0.035)aVcdhcd1/2 =,,,,0.22,m,(a = 1),,,,,,,,,,,,,,,,,,,,,,
,,,,D?c ?o?n 3 -:- 5,,t = (0.03 - 0.035)aVcdhcd1/2 =,,,,0.20,m,(a = 1),,,,,,,,,,,,,,,,,,,,,,
,,?? ??m b?o an toàn ta ch?n chi?u dày b?n ?áy d?c n??c ,,,,,,,?o?n ??c,,,t(m),,,,,,,,,,,,,,,,,,,,,,
,,,,,,,,,?o?n 1 ??n ?o?n 2,,,0.2,,,,,,,,,,,,,,,,,,,,,,
,,,,,,,,,?o?n 3 ??n ?o?n 5,,,0.3,,,,,,,,,,,,,,,,,,,,,,
,3) Tính toán ?o?n cong trong d?c n??c,,,,,,,,,,,,,,,,,,,,,,,,,,,,,,,,,
,,,,,,,,,,,,,,,,,,,,,,,,,,,,,,,,,,
,,,,,,,,,,,,,,,,,,,,,,,,,,,,,,,,,,
,,,,,,,,,,,,,,,,,,,,,,,,,,,,,,,,,,
,,,,,,,,,,,,,,,,,,,,,,,,,,,,,,,,,,
,,,,,,,,,,,,,,,,,,,,,,,,,,,,,,,,,,
,,,,,,,,,,,,,,,,,,,,,,,,,,,,,,,,,,
,,,,,,,,,,,,,,,,,,,,,,,,,,,,,,,,,,
,,,,,,,,,,,,,,,,,,,,,,,,,,,,,,,,,,
,,"??i v?i d?c n??c có chi?u r?ng không l?n l?m (B < 10m), góc nghiêng c?a m?t n??c ???c tính g?n ",,,,,,,,,,,,,,,,,,,,,,,,,,,,,,,,
,,?úng theo công th?c sau:,,,,,,,,,,,,,,,,,,,,,,,,,,,,,,,,
,,,Ir = tga = v2/gR = Dh/0.5B,,,,=>,Dh = 0.5Bv2/gR =,,,0.12,m,,,,,,,,,,,,,,,,,,,,,,
,,Trong ?ó:,,,,,,,,,,,,,,,,,,,,,,,,,,,,,,,,
,,,v: L?u t?c trung bình t?i ?o?n cong,,,,,,,B =,2.50,m,,,,,,,,,,,,,,,,,,,,,,
,,,R: Bán kính cong c?a tr?c d?c n??c,,,,,,,R =,100,m,,,,,,,,,,,,,,,,,,,,,,
,,,Dh: Chênh l?ch m?c n??c gi?a b? l?i và b? lõm,,,,,,,h =,0.55,m,,,,,,,,,,,,,,,,,,,,,,
,,?o?n cong có V l?n nh?t thu?c cu?i ?o?n 3,,,54.00 ,m,,,,v =,9.84,m/s,,,,,,,,,,,,,,,,,,,,,,
,,Tính ???c: hl?i = h + Dh+h hàm kh? =,,,,0.67m,<,2.00m,= Htk,,,,,,,,,,,,,,,,,,,,,,,,,
,,Nh? v?y chi?u cao d?c ??m b?o không b? tràn b?,,,,,,,,,,,,,,,,,,,,,,,,,,,,,,,,
,,,,,,,,,,,,,,,,,,,,,,,,,,,,,,,,,,
,,,,,,,,,,,,,,,,,,,,,,,,,,,,,,,,,,
,4) Thi?t k? m? nhám,,,,,,,,,,,,,,,,,,,,,,,,,,,,,,,,,
,,"Theo tài li?u công trình tháo l? trong h? th?ng th?y l?i, m? nhám gia c??ng ???c tính toán theo công th?c sau",,,,,,,,,,,,,,,,,,,,,,,,,,,,,,,,
,,M? nhám ???c thi?t k? theo d?ng b?c thang xuôi dòng ch?y,,,,,,,,,,,,,,,,,,,,,,,,,,,,,,,,
,,,,"1000k=22+10*(b)^1/9-0,67*a",,,,,,,,,,,,,,,,,,,,,,,,,,,,,,
,,V?i,,"k=1/C=(Ri)^0,5/v",,,,,,,,,,,,,,,,,,,,,,,,,,,,,,
,,,,a=h/d=> d=h/a,,,,,,,,,,,,,,,,,,,,,,,,,,,,,,
,,,,b=b/h,,,,,,,,,,,,,,,,,,,,,,,,,,,,,,
,,Trong ?ó,k: ?? nhám riêng,,,,,,,,,,,,,,,,,,,,,,,,,,,,,,,
,,,d: Chi?u cao m? nhám,,,,,,,,,,,,,,,,,,,,,,,,,,,,,,,
,,,h:chi?u sâu c?a n??c trên m? nhám,,,,,,,,,,,,,,,,,,,,,,,,,,,,,,,
,,,b: b? r?ng ?áy d?c n??c,,,,,,,,,,,,,,,,,,,,,,,,,,,,,,,
,,"M? nhám ???c thi?t k? ?o?n d?c nh?t, l?y v? trí có v?n t?c l?n nh?t ",,,,,,,,,,,,,,,,,,,,,,,,,,,,,,,,
,,?o?n,C,K,h(m),b(m),b,a,d(m),VT,VP,Den ta,,,,,,,,,,,,,,,,,,,,,,
,,3-:-5,50.37,0.019851358,0.42,2.50,5.89,19.41951967,0.022,19.85135792,21.17,-1.31,,,,,,,,,,,,,,,,,,,,,,
,,T? k?t qu? trên ch?n chi?u cao m? nhám 25cm ?? thu?n l?i cho công tác thi công,,,,,,,,,,,,,,,,,,,,,,,,,,,,,,,,
,,Chi?u cao t??ng l?n nh?t khi có m? nhám,,,,,1.38m,<,1.50m,,,,,,,,,,,,,,,,,,,,,,,,,
,,"Nh? v?y chi?u cao gia c? d?c n??c 1,5m ??m b?o d?n n??c",,,,,,,,,,,,,,,,,,,,,,,,,,,,,,,,
,,,,,,,,,,,,,,,,,,,,,,,,,,,,,,,,,,
,,,,,,,,,,,,,,,,,,,,,,,,,,,,,,,,,,
,,,,,,,,,,,,,,,,,,,,,,,,,,,,,,,,,,
,,,,,,,,,,,,,,,,,,,,,,,,,,,,,,,,,,
,,,,,,,,,,,,,,,,,,,,,,,,,,,,,,,,,,
,,,,,,,,,,,,,,,,,,,,,,,,,,,,,,,,,,
,,,,,,,,,,,,,,,,,,,,,,,,,,,,,,,,,,
,,,,,,,,,,,,,,,,,,,,,,,,,,,,,,,,,,
,,,,,,,,,,,,,,,,,,,,,,,,,,,,,,,,,,
,,,,,,,,,,,,,,,,,,,,,,,,,,,,,,,,,,
,,,,,,,,,,,,,,,,,,,,,,,,,,,,,,,,,,
,,,,,,,,,,,,,,,,,,,,,,,,,,,,,,,,,,
,,,,,,,,,,,,,,,,,,,,,,,,,,,,,,,,,,
,,,,,,,,,,,,,,,,,,,,,,,,,,,,,,,,,,
,,,,,,,,,,,,,,,,,,,,,,,,,,,,,,,,,,
,,,,,,,,,,,,,,,,,,,,,,,,,,,,,,,,,,
,,,,,,,,,,,,,,,,,,,,,,,,,,,,,,,,,,
,,,,,,,,,,,,,,,,,,,,,,,,,,,,,,,,,,
,,,,,,,,,,,,,,,,,,,,,,,,,,,,,,,,,,
,,,,,,,,,,,,,,,,,,,,,,,,,,,,,,,,,,
,,,,,,,,,,,,,,,,,,,,,,,,,,,,,,,,,,
,,,,,,,,,,,,,,,,,,,,,,,,,,,,,,,,,,
,,,,,,,,,,,,,,,,,,,,,,,,,,,,,,,,,,
,,,,,,,,,,,,,,,,,,,,,,,,,,,,,,,,,,
,,,,,,,,,,,,,,,,,,,,,,,,,,,,,,,,,,
,,,,,,,,,,,,,,,,,,,,,,,,,,,,,,,,,,
